date,day_of_week,day_sort,month,week,covers,revenue,food_revenue,beverage_revenue,food_cost,beverage_cost,total_cogs,cogs_pct,labor_hours,labor_cost,labor_pct,table_turns,revenue_per_cover,seats
2025-01-01,Wednesday,4,January,1,53,2748.05,1850.52,897.53,581.43,206.97,788.4,0.2869,19.7,320.34,0.1166,0.88,51.85,60
2025-01-02,Thursday,5,January,1,56,3018.96,1997.91,1021.05,565.61,224.94,790.55,0.2619,16.9,280.48,0.0929,0.93,53.91,60
2025-01-03,Friday,6,January,1,63,3218.67,2238.12,980.55,713.07,186.7,899.77,0.2795,23.0,416.17,0.1293,1.05,51.09,60
2025-01-04,Saturday,7,January,1,87,4590.12,3072.3,1517.82,1005.87,319.05,1324.92,0.2886,26.7,434.95,0.0948,1.45,52.76,60
2025-01-05,Sunday,1,January,1,91,5396.3,3797.83,1598.47,1147.7,397.06,1544.76,0.2863,30.1,531.45,0.0985,1.52,59.3,60
2025-01-06,Monday,2,January,2,40,2384.4,1662.19,722.21,534.73,162.21,696.94,0.2923,14.3,230.77,0.0968,0.67,59.61,60
2025-01-07,Tuesday,3,January,2,51,2505.12,1688.37,816.75,466.16,168.82,634.98,0.2535,17.9,305.99,0.1221,0.85,49.12,60
2025-01-08,Wednesday,4,January,2,58,3084.44,2074.5,1009.94,593.31,248.65,841.96,0.273,20.4,363.68,0.1179,0.97,53.18,60
2025-01-09,Thursday,5,January,2,62,3117.98,2128.85,989.13,701.24,225.92,927.16,0.2974,21.4,386.35,0.1239,1.03,50.29,60
2025-01-10,Friday,6,January,2,76,4544.8,3211.17,1333.63,911.01,255.92,1166.93,0.2568,24.7,415.04,0.0913,1.27,59.8,60
2025-01-11,Saturday,7,January,2,97,5846.19,3968.87,1877.32,1227.57,401.18,1628.75,0.2786,36.2,629.03,0.1076,1.62,60.27,60
2025-01-12,Sunday,1,January,2,100,5171.0,3489.38,1681.62,1059.72,346.08,1405.8,0.2719,34.7,648.66,0.1254,1.67,51.71,60
2025-01-13,Monday,2,January,3,43,2664.71,1840.17,824.54,506.97,158.97,665.94,0.2499,13.3,237.84,0.0893,0.72,61.97,60
2025-01-14,Tuesday,3,January,3,52,3072.68,2105.8,966.88,576.57,205.85,782.42,0.2546,19.7,346.47,0.1128,0.87,59.09,60
2025-01-15,Wednesday,4,January,3,65,3130.4,2201.43,928.97,684.42,206.42,890.84,0.2846,20.9,374.59,0.1197,1.08,48.16,60
2025-01-16,Thursday,5,January,3,55,2725.8,1870.13,855.67,555.8,211.52,767.32,0.2815,20.4,342.52,0.1257,0.92,49.56,60
2025-01-17,Friday,6,January,3,64,3889.92,2770.52,1119.4,797.63,255.56,1053.19,0.2707,22.3,367.02,0.0944,1.07,60.78,60
2025-01-18,Saturday,7,January,3,93,5457.24,3778.39,1678.85,1196.62,372.37,1568.99,0.2875,27.9,473.53,0.0868,1.55,58.68,60
2025-01-19,Sunday,1,January,3,100,6030.0,4280.7,1749.3,1234.98,338.49,1573.47,0.2609,37.0,697.11,0.1156,1.67,60.3,60
2025-01-20,Monday,2,January,4,48,2361.6,1627.52,734.08,446.27,172.95,619.22,0.2622,17.3,283.46,0.12,0.8,49.2,60
2025-01-21,Tuesday,3,January,4,42,2171.82,1547.09,624.73,457.01,126.63,583.64,0.2687,14.4,261.93,0.1206,0.7,51.71,60
2025-01-22,Wednesday,4,January,4,55,2795.1,1897.04,898.06,625.45,205.66,831.11,0.2973,18.4,322.97,0.1155,0.92,50.82,60
2025-01-23,Thursday,5,January,4,60,3163.8,2199.79,964.01,624.3,195.89,820.19,0.2592,18.3,327.45,0.1035,1.0,52.73,60
2025-01-24,Friday,6,January,4,71,3635.91,2597.22,1038.69,835.27,201.82,1037.09,0.2852,22.7,408.76,0.1124,1.18,51.21,60
2025-01-25,Saturday,7,January,4,94,5743.4,3987.43,1755.97,1189.85,416.34,1606.19,0.2797,34.3,568.39,0.099,1.57,61.1,60
2025-01-26,Sunday,1,January,4,89,4393.04,3013.02,1380.02,890.05,300.84,1190.89,0.2711,31.9,574.84,0.1309,1.48,49.36,60
2025-01-27,Monday,2,January,5,49,2628.36,1788.23,840.13,575.27,172.14,747.41,0.2844,15.4,267.13,0.1016,0.82,53.64,60
2025-01-28,Tuesday,3,January,5,50,2695.5,1824.08,871.42,519.86,213.85,733.71,0.2722,16.8,312.21,0.1158,0.83,53.91,60
2025-01-29,Wednesday,4,January,5,52,3223.48,2289.19,934.29,751.08,229.46,980.54,0.3042,19.1,315.13,0.0978,0.87,61.99,60
2025-01-30,Thursday,5,January,5,56,3068.8,2064.76,1004.04,607.25,194.28,801.53,0.2612,18.5,350.68,0.1143,0.93,54.8,60
2025-01-31,Friday,6,January,5,67,3642.79,2496.7,1146.09,817.42,286.18,1103.6,0.303,23.1,419.39,0.1151,1.12,54.37,60
2025-02-01,Saturday,7,February,5,106,5318.02,3604.57,1713.45,1182.66,385.18,1567.84,0.2948,36.4,664.08,0.1249,1.77,50.17,60
2025-02-02,Sunday,1,February,5,96,5283.84,3757.67,1526.17,1049.89,377.88,1427.77,0.2702,29.4,486.79,0.0921,1.6,55.04,60
2025-02-03,Monday,2,February,6,50,2816.5,1972.99,843.51,560.53,166.34,726.87,0.2581,18.6,311.34,0.1105,0.83,56.33,60
2025-02-04,Tuesday,3,February,6,44,2370.28,1647.39,722.89,496.52,177.9,674.42,0.2845,13.9,252.27,0.1064,0.73,53.87,60
2025-02-05,Wednesday,4,February,6,50,2567.0,1755.18,811.82,544.63,168.86,713.49,0.2779,16.3,297.57,0.1159,0.83,51.34,60
2025-02-06,Thursday,5,February,6,65,4028.7,2899.72,1128.98,795.68,228.96,1024.64,0.2543,20.9,392.92,0.0975,1.08,61.98,60
2025-02-07,Friday,6,February,6,73,4404.09,3139.04,1265.05,917.23,252.38,1169.61,0.2656,26.8,485.36,0.1102,1.22,60.33,60
2025-02-08,Saturday,7,February,6,82,4687.12,3095.7,1591.42,987.53,331.02,1318.55,0.2813,29.0,545.69,0.1164,1.37,57.16,60
2025-02-09,Sunday,1,February,6,77,3840.76,2561.5,1279.26,708.0,285.53,993.53,0.2587,24.8,441.8,0.115,1.28,49.88,60
2025-02-10,Monday,2,February,7,47,2673.36,1806.76,866.6,540.76,211.71,752.47,0.2815,17.3,281.59,0.1053,0.78,56.88,60
2025-02-11,Tuesday,3,February,7,47,2534.71,1714.99,819.72,463.39,193.7,657.09,0.2592,16.5,276.97,0.1093,0.78,53.93,60
2025-02-12,Wednesday,4,February,7,54,2915.46,1925.9,989.56,528.66,240.46,769.12,0.2638,20.1,354.5,0.1216,0.9,53.99,60
2025-02-13,Thursday,5,February,7,51,3043.68,2115.21,928.47,589.93,183.47,773.4,0.2541,16.6,310.37,0.102,0.85,59.68,60
2025-02-14,Friday,6,February,7,73,4422.34,2974.49,1447.85,847.73,284.07,1131.8,0.2559,26.5,494.29,0.1118,1.22,60.58,60
2025-02-15,Saturday,7,February,7,84,4509.96,3144.52,1365.44,878.26,335.63,1213.89,0.2692,31.0,586.79,0.1301,1.4,53.69,60
2025-02-16,Sunday,1,February,7,93,4496.55,3166.44,1330.11,917.95,326.94,1244.89,0.2769,33.9,630.28,0.1402,1.55,48.35,60
2025-02-17,Monday,2,February,8,36,2136.6,1444.36,692.24,458.15,136.03,594.18,0.2781,13.3,247.06,0.1156,0.6,59.35,60
2025-02-18,Tuesday,3,February,8,53,2885.32,1957.15,928.17,621.79,189.07,810.86,0.281,16.0,265.27,0.0919,0.88,54.44,60
2025-02-19,Wednesday,4,February,8,66,3471.6,2471.3,1000.3,810.59,206.76,1017.35,0.293,23.2,399.02,0.1149,1.1,52.6,60
2025-02-20,Thursday,5,February,8,66,4035.9,2691.62,1344.28,883.39,269.8,1153.19,0.2857,24.9,418.23,0.1036,1.1,61.15,60
2025-02-21,Friday,6,February,8,69,3416.88,2344.23,1072.65,735.38,223.97,959.35,0.2808,24.0,420.82,0.1232,1.15,49.52,60
2025-02-22,Saturday,7,February,8,90,4641.3,3260.64,1380.66,880.7,338.95,1219.65,0.2628,30.9,561.09,0.1209,1.5,51.57,60
2025-02-23,Sunday,1,February,8,93,5430.27,3802.48,1627.79,1109.94,316.12,1426.06,0.2626,32.8,557.29,0.1026,1.55,58.39,60
2025-02-24,Monday,2,February,9,43,2497.44,1693.31,804.13,488.69,172.49,661.18,0.2647,14.3,241.48,0.0967,0.72,58.08,60
2025-02-25,Tuesday,3,February,9,62,3086.36,2114.86,971.5,690.29,224.03,914.32,0.2962,23.1,412.26,0.1336,1.03,49.78,60
2025-02-26,Wednesday,4,February,9,52,2496.52,1690.68,805.84,500.1,181.15,681.25,0.2729,18.3,318.33,0.1275,0.87,48.01,60
2025-02-27,Thursday,5,February,9,66,3576.54,2406.38,1170.16,718.06,285.64,1003.7,0.2806,24.0,396.22,0.1108,1.1,54.19,60
2025-02-28,Friday,6,February,9,76,4321.36,2939.01,1382.35,937.84,324.99,1262.83,0.2922,26.9,448.53,0.1038,1.27,56.86,60
2025-03-01,Saturday,7,March,9,108,5485.32,3628.35,1856.97,1032.99,405.75,1438.74,0.2623,39.7,643.87,0.1174,1.8,50.79,60
2025-03-02,Sunday,1,March,9,89,4514.08,3167.9,1346.18,949.42,275.43,1224.85,0.2713,31.4,502.92,0.1114,1.48,50.72,60
2025-03-03,Monday,2,March,10,56,3276.56,2313.92,962.64,639.57,207.45,847.02,0.2585,17.6,332.18,0.1014,0.93,58.51,60
2025-03-04,Tuesday,3,March,10,54,2780.46,1976.63,803.83,587.85,191.39,779.24,0.2803,19.1,362.21,0.1303,0.9,51.49,60
2025-03-05,Wednesday,4,March,10,60,3380.4,2423.75,956.65,784.08,216.97,1001.05,0.2961,21.5,376.56,0.1114,1.0,56.34,60
2025-03-06,Thursday,5,March,10,68,4118.08,2901.68,1216.4,866.15,250.09,1116.24,0.2711,21.7,388.71,0.0944,1.13,60.56,60
2025-03-07,Friday,6,March,10,70,4110.4,2841.43,1268.97,874.02,262.04,1136.06,0.2764,21.4,360.74,0.0878,1.17,58.72,60
2025-03-08,Saturday,7,March,10,104,5778.24,3861.61,1916.63,1096.31,443.89,1540.2,0.2666,37.1,600.75,0.104,1.73,55.56,60
2025-03-09,Sunday,1,March,10,102,5478.42,3794.12,1684.3,1118.89,340.9,1459.79,0.2665,34.0,636.29,0.1161,1.7,53.71,60
2025-03-10,Monday,2,March,11,44,2639.56,1863.36,776.2,545.59,147.79,693.38,0.2627,14.4,262.95,0.0996,0.73,59.99,60
2025-03-11,Tuesday,3,March,11,52,3117.4,2235.82,881.58,659.79,207.08,866.87,0.2781,17.9,318.79,0.1023,0.87,59.95,60
2025-03-12,Wednesday,4,March,11,61,3300.1,2183.81,1116.29,633.74,257.53,891.27,0.2701,20.3,334.85,0.1015,1.02,54.1,60
2025-03-13,Thursday,5,March,11,68,3708.72,2476.16,1232.56,760.92,236.16,997.08,0.2688,22.5,398.1,0.1073,1.13,54.54,60
2025-03-14,Friday,6,March,11,85,4241.5,2916.89,1324.61,796.31,281.74,1078.05,0.2542,26.9,456.78,0.1077,1.42,49.9,60
2025-03-15,Saturday,7,March,11,106,6217.96,4245.3,1972.66,1337.69,473.24,1810.93,0.2912,33.9,550.73,0.0886,1.77,58.66,60
2025-03-16,Sunday,1,March,11,104,6448.0,4391.07,2056.93,1356.84,487.29,1844.13,0.286,36.6,668.41,0.1037,1.73,62.0,60
2025-03-17,Monday,2,March,12,53,3248.37,2182.78,1065.59,591.97,212.16,804.13,0.2475,16.4,295.34,0.0909,0.88,61.29,60
2025-03-18,Tuesday,3,March,12,52,3005.08,2121.63,883.45,594.27,200.01,794.28,0.2643,18.7,305.63,0.1017,0.87,57.79,60
2025-03-19,Wednesday,4,March,12,59,3508.73,2518.86,989.87,696.46,189.56,886.02,0.2525,19.2,346.22,0.0987,0.98,59.47,60
2025-03-20,Thursday,5,March,12,70,4060.7,2698.58,1362.12,840.34,310.02,1150.36,0.2833,21.6,395.66,0.0974,1.17,58.01,60
2025-03-21,Friday,6,March,12,75,4492.5,3126.89,1365.61,867.09,340.04,1207.13,0.2687,27.2,463.53,0.1032,1.25,59.9,60
2025-03-22,Saturday,7,March,12,100,5508.0,3748.05,1759.95,1203.12,421.16,1624.28,0.2949,30.8,581.58,0.1056,1.67,55.08,60
2025-03-23,Sunday,1,March,12,99,5633.1,3997.94,1635.16,1248.96,353.36,1602.32,0.2844,35.5,670.82,0.1191,1.65,56.9,60
2025-03-24,Monday,2,March,13,51,2832.03,1951.3,880.73,577.78,206.0,783.78,0.2768,16.4,304.3,0.1074,0.85,55.53,60
2025-03-25,Tuesday,3,March,13,67,3995.21,2657.61,1337.6,858.14,273.67,1131.81,0.2833,22.6,402.98,0.1009,1.12,59.63,60
2025-03-26,Wednesday,4,March,13,59,3534.69,2371.46,1163.23,670.41,276.73,947.14,0.268,19.3,359.77,0.1018,0.98,59.91,60
2025-03-27,Thursday,5,March,13,65,3758.3,2542.78,1215.52,688.08,300.11,988.19,0.2629,19.9,361.39,0.0962,1.08,57.82,60
2025-03-28,Friday,6,March,13,66,3806.22,2659.61,1146.61,796.29,272.43,1068.72,0.2808,20.3,338.3,0.0889,1.1,57.67,60
2025-03-29,Saturday,7,March,13,106,6115.14,4148.34,1966.8,1264.83,429.55,1694.38,0.2771,36.3,627.14,0.1026,1.77,57.69,60
2025-03-30,Sunday,1,March,13,97,5610.48,3794.12,1816.36,1081.7,358.19,1439.89,0.2566,30.6,500.58,0.0892,1.62,57.84,60
2025-03-31,Monday,2,March,14,47,2608.5,1840.9,767.6,517.48,155.82,673.3,0.2581,15.9,288.96,0.1108,0.78,55.5,60
2025-04-01,Tuesday,3,April,14,67,3481.32,2318.67,1162.65,652.94,236.72,889.66,0.2556,21.1,338.5,0.0972,1.12,51.96,60
2025-04-02,Wednesday,4,April,14,63,3495.24,2364.39,1130.85,776.7,252.41,1029.11,0.2944,22.4,366.89,0.105,1.05,55.48,60
2025-04-03,Thursday,5,April,14,73,4396.06,3052.82,1343.24,910.35,290.68,1201.03,0.2732,23.0,371.54,0.0845,1.22,60.22,60
2025-04-04,Friday,6,April,14,76,4648.92,3201.54,1447.38,1022.25,309.74,1331.99,0.2865,23.3,416.8,0.0897,1.27,61.17,60
2025-04-05,Saturday,7,April,14,114,6370.32,4320.54,2049.78,1424.05,404.01,1828.06,0.287,41.2,734.14,0.1152,1.9,55.88,60
2025-04-06,Sunday,1,April,14,103,6084.21,4097.97,1986.24,1235.13,431.01,1666.14,0.2738,34.5,641.03,0.1054,1.72,59.07,60
2025-04-07,Monday,2,April,15,60,3401.4,2369.34,1032.06,744.92,254.82,999.74,0.2939,19.0,316.03,0.0929,1.0,56.69,60
2025-04-08,Tuesday,3,April,15,59,3377.75,2261.14,1116.61,634.02,217.18,851.2,0.252,17.7,307.12,0.0909,0.98,57.25,60
2025-04-09,Wednesday,4,April,15,59,3023.16,2123.52,899.64,662.96,195.4,858.36,0.2839,20.9,392.33,0.1298,0.98,51.24,60
2025-04-10,Thursday,5,April,15,65,3836.95,2676.29,1160.66,828.85,285.52,1114.37,0.2904,21.7,382.65,0.0997,1.08,59.03,60
2025-04-11,Friday,6,April,15,73,4348.61,2888.71,1459.9,808.84,304.39,1113.23,0.256,26.3,465.71,0.1071,1.22,59.57,60
2025-04-12,Saturday,7,April,15,100,5204.0,3473.47,1730.53,1081.29,401.48,1482.77,0.2849,37.5,656.3,0.1261,1.67,52.04,60
2025-04-13,Sunday,1,April,15,100,4856.0,3330.84,1525.16,963.61,312.66,1276.27,0.2628,30.7,579.79,0.1194,1.67,48.56,60
2025-04-14,Monday,2,April,16,55,3283.5,2280.43,1003.07,745.7,250.77,996.47,0.3035,19.5,327.77,0.0998,0.92,59.7,60
2025-04-15,Tuesday,3,April,16,69,3766.71,2633.27,1133.44,855.81,227.71,1083.52,0.2877,23.9,427.91,0.1136,1.15,54.59,60
2025-04-16,Wednesday,4,April,16,66,3622.08,2410.4,1211.68,701.19,254.45,955.64,0.2638,23.3,432.76,0.1195,1.1,54.88,60
2025-04-17,Thursday,5,April,16,63,3278.52,2349.75,928.77,749.1,207.12,956.22,0.2917,21.2,359.2,0.1096,1.05,52.04,60
2025-04-18,Friday,6,April,16,89,4675.17,3357.76,1317.41,988.19,291.02,1279.21,0.2736,33.7,605.69,0.1296,1.48,52.53,60
2025-04-19,Saturday,7,April,16,105,5316.15,3624.06,1692.09,1143.03,384.95,1527.98,0.2874,37.9,629.54,0.1184,1.75,50.63,60
2025-04-20,Sunday,1,April,16,100,5569.0,3985.51,1583.49,1180.91,367.21,1548.12,0.278,31.0,586.5,0.1053,1.67,55.69,60
2025-04-21,Monday,2,April,17,52,2611.44,1809.86,801.58,548.57,156.79,705.36,0.2701,19.7,369.15,0.1414,0.87,50.22,60
2025-04-22,Tuesday,3,April,17,57,3104.22,2070.66,1033.56,662.4,227.28,889.68,0.2866,20.4,357.54,0.1152,0.95,54.46,60
2025-04-23,Wednesday,4,April,17,62,3826.64,2581.54,1245.1,782.46,265.21,1047.67,0.2738,23.2,406.57,0.1062,1.03,61.72,60
2025-04-24,Thursday,5,April,17,79,4764.49,3391.56,1372.93,972.02,325.93,1297.95,0.2724,26.3,494.51,0.1038,1.32,60.31,60
2025-04-25,Friday,6,April,17,70,3637.2,2465.71,1171.49,752.53,292.76,1045.29,0.2874,23.7,389.77,0.1072,1.17,51.96,60
2025-04-26,Saturday,7,April,17,110,6109.4,4158.71,1950.69,1260.51,434.22,1694.73,0.2774,37.0,627.72,0.1027,1.83,55.54,60
2025-04-27,Sunday,1,April,17,106,5937.06,4001.66,1935.4,1266.53,372.76,1639.29,0.2761,38.1,690.21,0.1163,1.77,56.01,60
2025-04-28,Monday,2,April,18,64,3799.04,2595.37,1203.67,804.05,287.92,1091.97,0.2874,24.2,423.16,0.1114,1.07,59.36,60
2025-04-29,Tuesday,3,April,18,66,3713.16,2644.45,1068.71,852.84,231.27,1084.11,0.292,22.6,392.58,0.1057,1.1,56.26,60
2025-04-30,Wednesday,4,April,18,65,3777.15,2585.83,1191.32,799.8,237.43,1037.23,0.2746,21.9,414.08,0.1096,1.08,58.11,60
2025-05-01,Thursday,5,May,18,67,3825.7,2720.48,1105.22,873.55,267.02,1140.57,0.2981,22.1,374.59,0.0979,1.12,57.1,60
2025-05-02,Friday,6,May,18,93,5399.58,3809.75,1589.83,1227.88,305.57,1533.45,0.284,28.4,508.17,0.0941,1.55,58.06,60
2025-05-03,Saturday,7,May,18,135,7890.75,5413.36,2477.39,1493.55,564.84,2058.39,0.2609,49.9,864.82,0.1096,2.25,58.45,60
2025-05-04,Sunday,1,May,18,98,5656.56,4039.95,1616.61,1102.1,384.43,1486.53,0.2628,31.7,542.85,0.096,1.63,57.72,60
2025-05-05,Monday,2,May,19,63,3522.96,2492.67,1030.29,698.45,200.6,899.05,0.2552,23.3,416.12,0.1181,1.05,55.92,60
2025-05-06,Tuesday,3,May,19,68,3493.16,2496.81,996.35,695.61,216.91,912.52,0.2612,21.8,365.5,0.1046,1.13,51.37,60
2025-05-07,Wednesday,4,May,19,78,4728.36,3312.96,1415.4,925.97,306.43,1232.4,0.2606,25.6,454.73,0.0962,1.3,60.62,60
2025-05-08,Thursday,5,May,19,72,4100.4,2810.65,1289.75,801.04,310.44,1111.48,0.2711,22.7,389.4,0.095,1.2,56.95,60
2025-05-09,Friday,6,May,19,81,4536.81,3150.76,1386.05,1038.49,287.88,1326.37,0.2924,30.6,550.03,0.1212,1.35,56.01,60
2025-05-10,Saturday,7,May,19,117,6065.28,4209.04,1856.24,1309.43,435.66,1745.09,0.2877,35.6,634.36,0.1046,1.95,51.84,60
2025-05-11,Sunday,1,May,19,95,4940.95,3497.85,1443.1,1071.74,304.64,1376.38,0.2786,33.3,594.83,0.1204,1.58,52.01,60
2025-05-12,Monday,2,May,20,58,3334.42,2344.95,989.47,726.0,237.77,963.77,0.289,20.3,379.82,0.1139,0.97,57.49,60
2025-05-13,Tuesday,3,May,20,59,3196.03,2220.52,975.51,697.02,190.61,887.63,0.2777,19.1,348.43,0.109,0.98,54.17,60
2025-05-14,Wednesday,4,May,20,63,3178.98,2123.33,1055.65,642.09,262.12,904.21,0.2844,21.6,404.79,0.1273,1.05,50.46,60
2025-05-15,Thursday,5,May,20,74,4406.7,3035.82,1370.88,966.61,321.88,1288.49,0.2924,24.2,395.56,0.0898,1.23,59.55,60
2025-05-16,Friday,6,May,20,81,4979.88,3328.78,1651.1,1091.84,398.91,1490.75,0.2994,29.0,549.25,0.1103,1.35,61.48,60
2025-05-17,Saturday,7,May,20,127,6746.24,4772.57,1973.67,1292.41,438.55,1730.96,0.2566,42.7,769.39,0.114,2.12,53.12,60
2025-05-18,Sunday,1,May,20,105,6028.05,4189.94,1838.11,1337.85,452.91,1790.76,0.2971,32.4,541.13,0.0898,1.75,57.41,60
2025-05-19,Monday,2,May,21,70,3910.2,2795.46,1114.74,791.95,216.04,1007.99,0.2578,25.6,479.44,0.1226,1.17,55.86,60
2025-05-20,Tuesday,3,May,21,64,3342.72,2288.08,1054.64,637.0,260.29,897.29,0.2684,20.8,363.54,0.1088,1.07,52.23,60
2025-05-21,Wednesday,4,May,21,77,3842.3,2640.5,1201.8,819.08,281.94,1101.02,0.2866,28.9,498.74,0.1298,1.28,49.9,60
2025-05-22,Thursday,5,May,21,79,4612.81,3087.22,1525.59,910.42,298.86,1209.28,0.2622,26.8,461.61,0.1001,1.32,58.39,60
2025-05-23,Friday,6,May,21,86,4574.34,3140.76,1433.58,1027.03,345.92,1372.95,0.3001,26.5,478.51,0.1046,1.43,53.19,60
2025-05-24,Saturday,7,May,21,116,6451.92,4636.8,1815.12,1351.63,388.25,1739.88,0.2697,36.6,599.01,0.0928,1.93,55.62,60
2025-05-25,Sunday,1,May,21,111,6358.08,4441.13,1916.95,1358.1,366.71,1724.81,0.2713,40.3,674.25,0.106,1.85,57.28,60
2025-05-26,Monday,2,May,22,53,2637.28,1829.94,807.34,501.59,190.45,692.04,0.2624,16.8,279.68,0.106,0.88,49.76,60
2025-05-27,Tuesday,3,May,22,66,3304.62,2359.6,945.02,637.56,228.22,865.78,0.262,20.6,337.63,0.1022,1.1,50.07,60
2025-05-28,Wednesday,4,May,22,63,3245.13,2175.76,1069.37,673.83,204.78,878.61,0.2707,19.0,349.03,0.1076,1.05,51.51,60
2025-05-29,Thursday,5,May,22,72,3631.68,2408.33,1223.35,757.42,271.09,1028.51,0.2832,25.9,451.4,0.1243,1.2,50.44,60
2025-05-30,Friday,6,May,22,90,5300.1,3661.28,1638.82,1012.34,360.87,1373.21,0.2591,33.8,545.2,0.1029,1.5,58.89,60
2025-05-31,Saturday,7,May,22,119,6580.7,4524.12,2056.58,1483.01,398.15,1881.16,0.2859,40.3,693.36,0.1054,1.98,55.3,60
2025-06-01,Sunday,1,June,22,101,5818.61,4011.44,1807.17,1302.11,351.31,1653.42,0.2842,31.0,552.57,0.095,1.68,57.61,60
2025-06-02,Monday,2,June,23,65,3695.9,2560.89,1135.01,741.38,283.41,1024.79,0.2773,22.3,387.15,0.1048,1.08,56.86,60
2025-06-03,Tuesday,3,June,23,68,3840.64,2557.68,1282.96,798.25,309.45,1107.7,0.2884,23.9,437.53,0.1139,1.13,56.48,60
2025-06-04,Wednesday,4,June,23,70,3802.4,2561.71,1240.69,743.66,269.48,1013.14,0.2664,23.3,379.45,0.0998,1.17,54.32,60
2025-06-05,Thursday,5,June,23,71,3831.87,2681.95,1149.92,784.47,229.06,1013.53,0.2645,26.5,429.34,0.112,1.18,53.97,60
2025-06-06,Friday,6,June,23,91,4490.85,3163.03,1327.82,1008.06,296.63,1304.69,0.2905,31.6,558.84,0.1244,1.52,49.35,60
2025-06-07,Saturday,7,June,23,120,6314.4,4213.81,2100.59,1227.06,482.93,1709.99,0.2708,43.2,803.7,0.1273,2.0,52.62,60
2025-06-08,Sunday,1,June,23,110,6205.1,4226.29,1978.81,1287.75,401.3,1689.05,0.2722,38.8,646.9,0.1043,1.83,56.41,60
2025-06-09,Monday,2,June,24,45,2228.4,1583.77,644.63,462.62,152.0,614.62,0.2758,15.6,287.38,0.129,0.75,49.52,60
2025-06-10,Tuesday,3,June,24,75,4459.5,3107.44,1352.06,958.96,259.05,1218.01,0.2731,28.1,519.52,0.1165,1.25,59.46,60
2025-06-11,Wednesday,4,June,24,57,2949.18,1978.38,970.8,617.65,202.41,820.06,0.2781,18.6,297.94,0.101,0.95,51.74,60
2025-06-12,Thursday,5,June,24,80,4288.8,2867.12,1421.68,883.07,272.68,1155.75,0.2695,28.8,479.39,0.1118,1.33,53.61,60
2025-06-13,Friday,6,June,24,84,4525.92,3079.68,1446.24,899.88,337.41,1237.29,0.2734,30.4,538.16,0.1189,1.4,53.88,60
2025-06-14,Saturday,7,June,24,124,6224.8,4339.12,1885.68,1346.86,389.02,1735.88,0.2789,43.8,764.62,0.1228,2.07,50.2,60
2025-06-15,Sunday,1,June,24,114,6177.66,4178.51,1999.15,1317.48,393.43,1710.91,0.277,38.1,641.98,0.1039,1.9,54.19,60
2025-06-16,Monday,2,June,25,58,3325.72,2204.04,1121.68,647.33,253.5,900.83,0.2709,17.4,294.13,0.0884,0.97,57.34,60
2025-06-17,Tuesday,3,June,25,59,3006.64,2009.14,997.5,573.21,209.18,782.39,0.2602,17.7,322.87,0.1074,0.98,50.96,60
2025-06-18,Wednesday,4,June,25,73,4223.05,2913.97,1309.08,932.47,312.08,1244.55,0.2947,22.3,414.45,0.0981,1.22,57.85,60
2025-06-19,Thursday,5,June,25,80,3887.2,2569.92,1317.28,835.99,318.39,1154.38,0.297,27.7,490.85,0.1263,1.33,48.59,60
2025-06-20,Friday,6,June,25,88,4365.68,2886.81,1478.87,835.73,352.12,1187.85,0.2721,30.8,569.68,0.1305,1.47,49.61,60
2025-06-21,Saturday,7,June,25,116,7062.08,4698.32,2363.76,1506.75,483.63,1990.38,0.2818,40.3,708.15,0.1003,1.93,60.88,60
2025-06-22,Sunday,1,June,25,109,5749.75,3909.74,1840.01,1095.12,405.91,1501.03,0.2611,33.7,590.76,0.1027,1.82,52.75,60
2025-06-23,Monday,2,June,26,64,3883.52,2644.53,1238.99,829.32,296.24,1125.56,0.2898,23.4,390.99,0.1007,1.07,60.68,60
2025-06-24,Tuesday,3,June,26,68,3837.24,2707.61,1129.63,837.46,226.6,1064.06,0.2773,24.6,430.07,0.1121,1.13,56.43,60
2025-06-25,Wednesday,4,June,26,74,4333.44,3057.64,1275.8,907.81,313.08,1220.89,0.2817,25.5,456.6,0.1054,1.23,58.56,60
2025-06-26,Thursday,5,June,26,67,3804.26,2545.27,1258.99,697.66,272.57,970.23,0.255,21.7,365.08,0.096,1.12,56.78,60
2025-06-27,Friday,6,June,26,81,3951.99,2728.61,1223.38,787.48,265.6,1053.08,0.2665,24.7,456.83,0.1156,1.35,48.79,60
2025-06-28,Saturday,7,June,26,133,7976.01,5558.49,2417.52,1669.77,526.54,2196.31,0.2754,45.8,841.6,0.1055,2.22,59.97,60
2025-06-29,Sunday,1,June,26,118,7143.72,4907.62,2236.1,1563.57,512.29,2075.86,0.2906,38.4,669.19,0.0937,1.97,60.54,60
2025-06-30,Monday,2,June,27,62,3065.9,2188.89,877.01,636.09,204.26,840.35,0.2741,21.1,348.52,0.1137,1.03,49.45,60
2025-07-01,Tuesday,3,July,27,71,3654.37,2507.87,1146.5,743.33,253.84,997.17,0.2729,22.2,380.03,0.104,1.18,51.47,60
2025-07-02,Wednesday,4,July,27,72,3797.28,2642.43,1154.85,838.71,264.23,1102.94,0.2905,22.0,358.24,0.0943,1.2,52.74,60
2025-07-03,Thursday,5,July,27,85,4887.5,3309.08,1578.42,1037.07,362.09,1399.16,0.2863,31.7,590.25,0.1208,1.42,57.5,60
2025-07-04,Friday,6,July,27,90,4498.2,3063.23,1434.97,1005.05,332.77,1337.82,0.2974,29.8,530.0,0.1178,1.5,49.98,60
2025-07-05,Saturday,7,July,27,135,8252.55,5599.97,2652.58,1638.55,629.99,2268.54,0.2749,49.3,887.91,0.1076,2.25,61.13,60
2025-07-06,Sunday,1,July,27,123,7084.8,4899.73,2185.07,1513.04,470.66,1983.7,0.28,40.5,692.06,0.0977,2.05,57.6,60
2025-07-07,Monday,2,July,28,55,2778.6,1869.59,909.01,611.17,199.25,810.42,0.2917,17.5,287.22,0.1034,0.92,50.52,60
2025-07-08,Tuesday,3,July,28,79,3904.18,2757.34,1146.84,882.62,278.68,1161.3,0.2975,23.9,406.55,0.1041,1.32,49.42,60
2025-07-09,Wednesday,4,July,28,79,4639.67,3098.66,1541.01,906.67,307.74,1214.41,0.2617,29.0,531.09,0.1145,1.32,58.73,60
2025-07-10,Thursday,5,July,28,80,4330.4,2964.81,1365.59,920.87,278.99,1199.86,0.2771,26.8,451.71,0.1043,1.33,54.13,60
2025-07-11,Friday,6,July,28,90,5263.2,3615.48,1647.72,1091.87,343.71,1435.58,0.2728,32.8,570.95,0.1085,1.5,58.48,60
2025-07-12,Saturday,7,July,28,131,8025.06,5770.55,2254.51,1717.89,466.46,2184.35,0.2722,43.3,761.32,0.0949,2.18,61.26,60
2025-07-13,Sunday,1,July,28,113,6952.89,4929.69,2023.2,1568.13,401.2,1969.33,0.2832,36.2,648.83,0.0933,1.88,61.53,60
2025-07-14,Monday,2,July,29,69,3411.36,2424.64,986.72,778.55,204.35,982.9,0.2881,24.9,418.78,0.1228,1.15,49.44,60
2025-07-15,Tuesday,3,July,29,63,3822.21,2556.45,1265.76,757.22,312.39,1069.61,0.2798,20.0,347.07,0.0908,1.05,60.67,60
2025-07-16,Wednesday,4,July,29,73,3558.75,2455.97,1102.78,697.74,275.36,973.1,0.2734,24.1,387.64,0.1089,1.22,48.75,60
2025-07-17,Thursday,5,July,29,80,4882.4,3468.22,1414.18,1071.68,335.87,1407.55,0.2883,24.9,419.83,0.086,1.33,61.03,60
2025-07-18,Friday,6,July,29,98,4894.12,3437.3,1456.82,1020.53,277.23,1297.76,0.2652,30.0,503.03,0.1028,1.63,49.94,60
2025-07-19,Saturday,7,July,29,120,7162.8,4963.31,2199.49,1556.49,487.63,2044.12,0.2854,37.1,625.67,0.0873,2.0,59.69,60
2025-07-20,Sunday,1,July,29,118,6357.84,4499.02,1858.82,1338.01,365.63,1703.64,0.268,43.9,780.99,0.1228,1.97,53.88,60
2025-07-21,Monday,2,July,30,66,3183.18,2199.33,983.85,625.71,195.39,821.1,0.2579,22.1,394.36,0.1239,1.1,48.23,60
2025-07-22,Tuesday,3,July,30,69,3953.7,2629.75,1323.95,863.87,256.98,1120.85,0.2835,23.6,413.52,0.1046,1.15,57.3,60
2025-07-23,Wednesday,4,July,30,80,4947.2,3429.64,1517.56,1006.26,331.13,1337.39,0.2703,28.1,532.3,0.1076,1.33,61.84,60
2025-07-24,Thursday,5,July,30,79,4664.16,3174.84,1489.32,996.9,339.12,1336.02,0.2864,28.6,520.68,0.1116,1.32,59.04,60
2025-07-25,Friday,6,July,30,95,5002.7,3315.09,1687.61,1003.81,403.0,1406.81,0.2812,29.8,546.46,0.1092,1.58,52.66,60
2025-07-26,Saturday,7,July,30,119,6763.96,4793.55,1970.41,1312.47,466.2,1778.67,0.263,40.1,676.9,0.1001,1.98,56.84,60
2025-07-27,Sunday,1,July,30,120,5833.2,3919.72,1913.48,1068.12,470.72,1538.84,0.2638,40.9,775.77,0.133,2.0,48.61,60
2025-07-28,Monday,2,July,31,59,3454.45,2319.55,1134.9,675.92,268.86,944.78,0.2735,21.8,370.51,0.1073,0.98,58.55,60
2025-07-29,Tuesday,3,July,31,68,3382.32,2307.02,1075.3,746.09,252.27,998.36,0.2952,25.3,434.15,0.1284,1.13,49.74,60
2025-07-30,Wednesday,4,July,31,81,4452.57,3185.63,1266.94,959.51,301.66,1261.17,0.2832,29.0,470.87,0.1058,1.35,54.97,60
2025-07-31,Thursday,5,July,31,78,4401.54,3122.19,1279.35,945.09,267.77,1212.86,0.2756,23.9,429.79,0.0976,1.3,56.43,60
2025-08-01,Friday,6,August,31,89,4803.33,3368.99,1434.34,980.71,276.11,1256.82,0.2617,32.9,561.2,0.1168,1.48,53.97,60
2025-08-02,Saturday,7,August,31,134,8303.98,5617.42,2686.56,1847.01,663.31,2510.32,0.3023,41.0,734.41,0.0884,2.23,61.97,60
2025-08-03,Sunday,1,August,31,109,6268.59,4495.63,1772.96,1252.48,401.58,1654.06,0.2639,39.5,636.12,0.1015,1.82,57.51,60
2025-08-04,Monday,2,August,32,71,3474.74,2455.64,1019.1,717.05,217.07,934.12,0.2688,24.5,436.47,0.1256,1.18,48.94,60
2025-08-05,Tuesday,3,August,32,61,3245.81,2290.84,954.97,697.33,211.81,909.14,0.2801,20.2,362.56,0.1117,1.02,53.21,60
2025-08-06,Wednesday,4,August,32,59,3037.91,2025.7,1012.21,636.27,222.58,858.85,0.2827,19.5,344.86,0.1135,0.98,51.49,60
2025-08-07,Thursday,5,August,32,77,4177.25,3006.71,1170.54,863.23,286.78,1150.01,0.2753,26.1,427.2,0.1023,1.28,54.25,60
2025-08-08,Friday,6,August,32,96,5754.24,3953.87,1800.37,1280.66,390.14,1670.8,0.2904,29.5,532.35,0.0925,1.6,59.94,60
2025-08-09,Saturday,7,August,32,129,6818.94,4527.07,2291.87,1369.44,558.07,1927.51,0.2827,47.5,861.43,0.1263,2.15,52.86,60
2025-08-10,Sunday,1,August,32,112,6829.76,4768.96,2060.8,1514.62,454.41,1969.03,0.2883,34.7,576.12,0.0844,1.87,60.98,60
2025-08-11,Monday,2,August,33,69,3337.53,2313.71,1023.82,675.83,243.87,919.7,0.2756,23.7,422.71,0.1267,1.15,48.37,60
2025-08-12,Tuesday,3,August,33,76,3739.96,2537.78,1202.18,837.47,280.23,1117.7,0.2989,26.0,475.99,0.1273,1.27,49.21,60
2025-08-13,Wednesday,4,August,33,73,4497.53,3141.71,1355.82,933.09,312.92,1246.01,0.277,23.9,445.35,0.099,1.22,61.61,60
2025-08-14,Thursday,5,August,33,75,4419.0,3086.17,1332.83,866.91,330.54,1197.45,0.271,25.1,470.18,0.1064,1.25,58.92,60
2025-08-15,Friday,6,August,33,95,4763.3,3190.84,1572.46,923.43,365.75,1289.18,0.2706,31.1,585.39,0.1229,1.58,50.14,60
2025-08-16,Saturday,7,August,33,127,7687.31,5463.8,2223.51,1557.18,507.18,2064.36,0.2685,43.7,715.61,0.0931,2.12,60.53,60
2025-08-17,Sunday,1,August,33,114,6274.56,4204.7,2069.86,1372.83,412.52,1785.35,0.2845,40.2,730.11,0.1164,1.9,55.04,60
2025-08-18,Monday,2,August,34,70,3952.9,2808.74,1144.16,853.3,274.03,1127.33,0.2852,21.2,342.09,0.0865,1.17,56.47,60
2025-08-19,Tuesday,3,August,34,63,3598.56,2540.65,1057.91,749.49,241.52,991.01,0.2754,21.4,382.66,0.1063,1.05,57.12,60
2025-08-20,Wednesday,4,August,34,66,3435.96,2464.95,971.01,737.02,231.39,968.41,0.2818,23.4,395.28,0.115,1.1,52.06,60
2025-08-21,Thursday,5,August,34,79,4277.85,2947.67,1330.18,831.83,301.15,1132.98,0.2648,25.7,466.59,0.1091,1.32,54.15,60
2025-08-22,Friday,6,August,34,93,5420.04,3857.15,1562.89,1267.07,309.14,1576.21,0.2908,30.7,542.93,0.1002,1.55,58.28,60
2025-08-23,Saturday,7,August,34,123,6364.02,4294.92,2069.1,1184.54,429.13,1613.67,0.2536,40.7,726.34,0.1141,2.05,51.74,60
2025-08-24,Sunday,1,August,34,122,6280.56,4471.25,1809.31,1250.16,379.23,1629.39,0.2594,42.2,714.79,0.1138,2.03,51.48,60
2025-08-25,Monday,2,August,35,63,3478.23,2399.72,1078.51,692.32,206.43,898.75,0.2584,23.7,415.14,0.1194,1.05,55.21,60
2025-08-26,Tuesday,3,August,35,61,3753.33,2525.65,1227.68,735.47,236.94,972.41,0.2591,20.7,385.99,0.1028,1.02,61.53,60
2025-08-27,Wednesday,4,August,35,69,3830.19,2722.62,1107.57,805.62,269.03,1074.65,0.2806,24.7,451.8,0.118,1.15,55.51,60
2025-08-28,Thursday,5,August,35,72,3824.64,2616.19,1208.45,795.84,243.74,1039.58,0.2718,24.8,402.27,0.1052,1.2,53.12,60
2025-08-29,Friday,6,August,35,82,4257.44,3062.57,1194.87,951.85,235.51,1187.36,0.2789,31.0,532.63,0.1251,1.37,51.92,60
2025-08-30,Saturday,7,August,35,126,7450.38,5068.83,2381.55,1653.96,560.38,2214.34,0.2972,39.8,697.59,0.0936,2.1,59.13,60
2025-08-31,Sunday,1,August,35,114,5690.88,3869.7,1821.18,1154.72,395.92,1550.64,0.2725,39.7,696.6,0.1224,1.9,49.92,60
2025-09-01,Monday,2,September,36,58,3050.22,2125.34,924.88,594.67,230.67,825.34,0.2706,20.8,351.47,0.1152,0.97,52.59,60
2025-09-02,Tuesday,3,September,36,57,3160.65,2220.43,940.22,639.48,224.62,864.1,0.2734,18.8,338.8,0.1072,0.95,55.45,60
2025-09-03,Wednesday,4,September,36,77,4752.44,3303.05,1449.39,1049.71,338.43,1388.14,0.2921,27.3,438.98,0.0924,1.28,61.72,60
2025-09-04,Thursday,5,September,36,56,3301.76,2332.92,968.84,710.84,226.03,936.87,0.2837,19.4,320.32,0.097,0.93,58.96,60
2025-09-05,Friday,6,September,36,87,4942.47,3445.81,1496.66,1104.38,297.69,1402.07,0.2837,30.8,495.72,0.1003,1.45,56.81,60
2025-09-06,Saturday,7,September,36,119,5744.13,3899.24,1844.89,1088.28,426.91,1515.19,0.2638,39.6,725.67,0.1263,1.98,48.27,60
2025-09-07,Sunday,1,September,36,107,6515.23,4641.25,1873.98,1458.28,362.99,1821.27,0.2795,33.3,553.51,0.085,1.78,60.89,60
2025-09-08,Monday,2,September,37,54,2989.44,2029.31,960.13,569.02,234.94,803.96,0.2689,17.7,302.01,0.101,0.9,55.36,60
2025-09-09,Tuesday,3,September,37,70,4116.7,2895.09,1221.61,893.42,282.92,1176.34,0.2857,24.4,404.47,0.0983,1.17,58.81,60
2025-09-10,Wednesday,4,September,37,67,3427.05,2461.91,965.14,708.78,200.07,908.85,0.2652,21.2,384.04,0.1121,1.12,51.15,60
2025-09-11,Thursday,5,September,37,79,4142.76,2820.92,1321.84,919.62,314.2,1233.82,0.2978,25.4,415.69,0.1003,1.32,52.44,60
2025-09-12,Friday,6,September,37,82,5061.04,3588.8,1472.24,1174.61,350.83,1525.44,0.3014,26.5,446.87,0.0883,1.37,61.72,60
2025-09-13,Saturday,7,September,37,111,6438.0,4382.87,2055.13,1299.52,422.12,1721.64,0.2674,37.6,624.39,0.097,1.85,58.0,60
2025-09-14,Sunday,1,September,37,94,5428.5,3627.52,1800.98,1113.29,405.58,1518.87,0.2798,30.0,540.29,0.0995,1.57,57.75,60
2025-09-15,Monday,2,September,38,55,3048.65,2128.8,919.85,581.38,197.58,778.96,0.2555,19.7,321.14,0.1053,0.92,55.43,60
2025-09-16,Tuesday,3,September,38,63,3509.1,2511.62,997.48,739.42,245.48,984.9,0.2807,23.3,406.17,0.1157,1.05,55.7,60
2025-09-17,Wednesday,4,September,38,66,3352.14,2406.28,945.86,696.14,216.41,912.55,0.2722,24.6,400.2,0.1194,1.1,50.79,60
2025-09-18,Thursday,5,September,38,65,3777.8,2705.66,1072.14,878.8,214.96,1093.76,0.2895,24.1,398.31,0.1054,1.08,58.12,60
2025-09-19,Friday,6,September,38,82,4991.34,3592.92,1398.42,1055.6,307.23,1362.83,0.273,30.7,579.81,0.1162,1.37,60.87,60
2025-09-20,Saturday,7,September,38,127,6112.51,4242.56,1869.95,1172.64,465.62,1638.26,0.268,41.0,777.66,0.1272,2.12,48.13,60
2025-09-21,Sunday,1,September,38,102,5672.22,3911.76,1760.46,1276.41,424.45,1700.86,0.2999,34.4,570.3,0.1005,1.7,55.61,60
2025-09-22,Monday,2,September,39,61,3319.62,2242.19,1077.43,630.5,252.33,882.83,0.2659,22.2,393.01,0.1184,1.02,54.42,60
2025-09-23,Tuesday,3,September,39,65,3809.0,2554.05,1254.95,820.87,305.96,1126.83,0.2958,23.8,417.59,0.1096,1.08,58.6,60
2025-09-24,Wednesday,4,September,39,75,3794.25,2536.22,1258.03,733.98,257.77,991.75,0.2614,24.1,402.63,0.1061,1.25,50.59,60
2025-09-25,Thursday,5,September,39,76,4449.8,3191.58,1258.22,919.49,293.67,1213.16,0.2726,22.9,411.31,0.0924,1.27,58.55,60
2025-09-26,Friday,6,September,39,84,4171.44,2829.94,1341.5,832.85,295.4,1128.25,0.2705,31.2,565.05,0.1355,1.4,49.66,60
2025-09-27,Saturday,7,September,39,114,5967.9,3980.86,1987.04,1293.78,412.71,1706.49,0.2859,39.8,662.96,0.1111,1.9,52.35,60
2025-09-28,Sunday,1,September,39,110,6431.7,4478.68,1953.02,1321.21,435.52,1756.73,0.2731,37.1,653.43,0.1016,1.83,58.47,60
2025-09-29,Monday,2,September,40,61,3495.3,2352.7,1142.6,670.05,268.85,938.9,0.2686,22.6,367.15,0.105,1.02,57.3,60
2025-09-30,Tuesday,3,September,40,54,2650.86,1839.3,811.56,503.42,180.9,684.32,0.2582,18.4,326.01,0.123,0.9,49.09,60
2025-10-01,Wednesday,4,October,40,69,3456.9,2349.61,1107.29,707.7,218.14,925.84,0.2678,21.8,386.94,0.1119,1.15,50.1,60
2025-10-02,Thursday,5,October,40,76,4508.32,3098.14,1410.18,931.92,306.57,1238.49,0.2747,23.2,403.38,0.0895,1.27,59.32,60
2025-10-03,Friday,6,October,40,87,5159.1,3628.89,1530.21,1066.17,365.72,1431.89,0.2775,31.3,555.1,0.1076,1.45,59.3,60
2025-10-04,Saturday,7,October,40,119,5817.91,4186.84,1631.07,1365.33,316.59,1681.92,0.2891,44.6,717.85,0.1234,1.98,48.89,60
2025-10-05,Sunday,1,October,40,107,5748.04,4058.91,1689.13,1282.21,420.09,1702.3,0.2962,37.6,649.02,0.1129,1.78,53.72,60
2025-10-06,Monday,2,October,41,63,3790.71,2708.11,1082.6,792.12,250.08,1042.2,0.2749,22.2,391.12,0.1032,1.05,60.17,60
2025-10-07,Tuesday,3,October,41,61,3486.15,2373.6,1112.55,666.27,247.21,913.48,0.262,20.9,380.04,0.109,1.02,57.15,60
2025-10-08,Wednesday,4,October,41,66,3189.12,2161.91,1027.21,671.06,228.76,899.82,0.2822,22.6,417.42,0.1309,1.1,48.32,60
2025-10-09,Thursday,5,October,41,71,3654.37,2487.78,1166.59,712.75,287.21,999.96,0.2736,25.4,415.0,0.1136,1.18,51.47,60
2025-10-10,Friday,6,October,41,86,5049.92,3600.72,1449.2,975.44,293.32,1268.76,0.2512,26.5,426.67,0.0845,1.43,58.72,60
2025-10-11,Saturday,7,October,41,108,6087.96,4274.95,1813.01,1166.63,424.97,1591.6,0.2614,35.9,599.64,0.0985,1.8,56.37,60
2025-10-12,Sunday,1,October,41,108,5269.32,3637.06,1632.26,1045.29,389.95,1435.24,0.2724,38.7,656.22,0.1245,1.8,48.79,60
2025-10-13,Monday,2,October,42,69,3889.53,2724.04,1165.49,787.79,242.54,1030.33,0.2649,21.5,386.58,0.0994,1.15,56.37,60
2025-10-14,Tuesday,3,October,42,62,3028.7,2171.31,857.39,700.9,209.8,910.7,0.3007,21.7,375.01,0.1238,1.03,48.85,60
2025-10-15,Wednesday,4,October,42,71,3900.74,2802.05,1098.69,914.87,253.03,1167.9,0.2994,25.8,437.47,0.1122,1.18,54.94,60
2025-10-16,Thursday,5,October,42,67,3569.09,2517.15,1051.94,751.12,253.52,1004.64,0.2815,21.7,393.26,0.1102,1.12,53.27,60
2025-10-17,Friday,6,October,42,85,5038.8,3602.16,1436.64,1093.98,356.43,1450.41,0.2878,29.3,480.59,0.0954,1.42,59.28,60
2025-10-18,Saturday,7,October,42,114,6503.7,4652.31,1851.39,1492.46,361.95,1854.41,0.2851,40.8,676.11,0.104,1.9,57.05,60
2025-10-19,Sunday,1,October,42,109,5641.84,3951.66,1690.18,1210.0,409.7,1619.7,0.2871,34.3,627.18,0.1112,1.82,51.76,60
2025-10-20,Monday,2,October,43,56,3063.76,2181.91,881.85,632.75,218.17,850.92,0.2777,16.9,317.91,0.1038,0.93,54.71,60
2025-10-21,Tuesday,3,October,43,54,3319.38,2214.16,1105.22,730.67,241.71,972.38,0.2929,17.2,306.39,0.0923,0.9,61.47,60
2025-10-22,Wednesday,4,October,43,69,3845.37,2716.87,1128.5,795.5,250.53,1046.03,0.272,22.7,381.01,0.0991,1.15,55.73,60
2025-10-23,Thursday,5,October,43,83,4579.94,3159.41,1420.53,871.68,353.57,1225.25,0.2675,28.0,518.54,0.1132,1.38,55.18,60
2025-10-24,Friday,6,October,43,88,4734.4,3284.5,1449.9,930.5,288.24,1218.74,0.2574,28.2,530.28,0.112,1.47,53.8,60
2025-10-25,Saturday,7,October,43,111,6228.21,4266.66,1961.55,1190.82,411.53,1602.35,0.2573,36.7,678.95,0.109,1.85,56.11,60
2025-10-26,Sunday,1,October,43,97,5586.23,3773.16,1813.07,1204.77,449.64,1654.41,0.2962,34.1,595.79,0.1067,1.62,57.59,60
2025-10-27,Monday,2,October,44,57,2870.52,2031.46,839.06,569.22,195.67,764.89,0.2665,19.3,361.89,0.1261,0.95,50.36,60
2025-10-28,Tuesday,3,October,44,53,2587.46,1712.97,874.49,549.52,215.74,765.26,0.2958,18.7,342.08,0.1322,0.88,48.82,60
2025-10-29,Wednesday,4,October,44,63,3387.51,2407.0,980.51,683.35,227.87,911.22,0.269,18.9,331.08,0.0977,1.05,53.77,60
2025-10-30,Thursday,5,October,44,64,3669.12,2557.34,1111.78,764.64,243.81,1008.45,0.2748,19.2,338.97,0.0924,1.07,57.33,60
2025-10-31,Friday,6,October,44,89,4287.13,2965.69,1321.44,849.67,328.51,1178.18,0.2748,26.8,494.18,0.1153,1.48,48.17,60
2025-11-01,Saturday,7,November,44,117,7106.58,4735.97,2370.61,1306.18,471.51,1777.69,0.2501,36.9,648.68,0.0913,1.95,60.74,60
2025-11-02,Sunday,1,November,44,103,6119.23,4136.84,1982.39,1215.4,421.06,1636.46,0.2674,34.2,605.17,0.0989,1.72,59.41,60
2025-11-03,Monday,2,November,45,65,3742.7,2660.58,1082.12,822.65,261.33,1083.98,0.2896,23.4,380.96,0.1018,1.08,57.58,60
2025-11-04,Tuesday,3,November,45,65,3465.15,2401.91,1063.24,656.68,202.65,859.33,0.248,20.4,356.99,0.103,1.08,53.31,60
2025-11-05,Wednesday,4,November,45,61,3411.12,2426.94,984.18,669.11,218.19,887.3,0.2601,18.5,307.73,0.0902,1.02,55.92,60
2025-11-06,Thursday,5,November,45,79,4751.85,3389.27,1362.58,1011.7,262.71,1274.41,0.2682,24.2,454.4,0.0956,1.32,60.15,60
2025-11-07,Friday,6,November,45,96,4652.16,3329.67,1322.49,961.94,327.58,1289.52,0.2772,33.3,607.95,0.1307,1.6,48.46,60
2025-11-08,Saturday,7,November,45,118,6841.64,4678.98,2162.66,1284.85,431.88,1716.73,0.2509,37.7,697.6,0.102,1.97,57.98,60
2025-11-09,Sunday,1,November,45,103,5421.92,3824.28,1597.64,1064.68,398.29,1462.97,0.2698,36.9,645.84,0.1191,1.72,52.64,60
2025-11-10,Monday,2,November,46,69,4253.16,2820.79,1432.37,835.52,344.2,1179.72,0.2774,22.6,413.74,0.0973,1.15,61.64,60
2025-11-11,Tuesday,3,November,46,71,4176.93,2764.2,1412.73,791.67,352.62,1144.29,0.274,24.1,411.33,0.0985,1.18,58.83,60
2025-11-12,Wednesday,4,November,46,69,4221.42,2895.52,1325.9,899.93,304.43,1204.36,0.2853,21.2,378.54,0.0897,1.15,61.18,60
2025-11-13,Thursday,5,November,46,78,3833.7,2565.72,1267.98,802.3,289.1,1091.4,0.2847,28.0,474.6,0.1238,1.3,49.15,60
2025-11-14,Friday,6,November,46,80,3959.2,2614.31,1344.89,754.23,284.58,1038.81,0.2624,25.7,421.42,0.1064,1.33,49.49,60
2025-11-15,Saturday,7,November,46,125,6971.25,4771.7,2199.55,1295.99,464.54,1760.53,0.2525,38.4,683.29,0.098,2.08,55.77,60
2025-11-16,Sunday,1,November,46,119,6252.26,4271.01,1981.25,1227.92,422.6,1650.52,0.264,36.5,682.67,0.1092,1.98,52.54,60
2025-11-17,Monday,2,November,47,75,4200.75,2815.24,1385.51,824.3,274.75,1099.05,0.2616,24.3,424.75,0.1011,1.25,56.01,60
2025-11-18,Tuesday,3,November,47,56,2737.84,1878.38,859.46,554.69,188.31,743.0,0.2714,17.1,286.51,0.1046,0.93,48.89,60
2025-11-19,Wednesday,4,November,47,71,3998.01,2685.59,1312.42,742.3,273.38,1015.68,0.254,26.7,453.81,0.1135,1.18,56.31,60
2025-11-20,Thursday,5,November,47,84,4761.12,3372.04,1389.08,977.22,291.85,1269.07,0.2665,30.7,570.36,0.1198,1.4,56.68,60
2025-11-21,Friday,6,November,47,92,4829.08,3461.66,1367.42,976.53,285.65,1262.18,0.2614,34.7,656.04,0.1359,1.53,52.49,60
2025-11-22,Saturday,7,November,47,122,6353.76,4458.42,1895.34,1335.3,425.69,1760.99,0.2772,39.0,668.0,0.1051,2.03,52.08,60
2025-11-23,Sunday,1,November,47,115,5702.85,3956.81,1746.04,1208.81,388.84,1597.65,0.2801,40.8,720.13,0.1263,1.92,49.59,60
2025-11-24,Monday,2,November,48,55,3373.7,2320.08,1053.62,725.02,227.9,952.92,0.2825,17.8,321.8,0.0954,0.92,61.34,60
2025-11-25,Tuesday,3,November,48,70,3761.1,2595.0,1166.1,799.26,238.47,1037.73,0.2759,24.7,448.2,0.1192,1.17,53.73,60
2025-11-26,Wednesday,4,November,48,61,3602.05,2393.34,1208.71,788.37,264.47,1052.84,0.2923,20.3,355.65,0.0987,1.02,59.05,60
2025-11-27,Thursday,5,November,48,83,4615.63,3265.3,1350.33,952.16,329.08,1281.24,0.2776,28.5,510.56,0.1106,1.38,55.61,60
2025-11-28,Friday,6,November,48,85,4181.15,2952.47,1228.68,913.79,259.62,1173.41,0.2806,29.9,482.37,0.1154,1.42,49.19,60
2025-11-29,Saturday,7,November,48,131,7020.29,4950.43,2069.86,1623.25,446.68,2069.93,0.2948,39.4,660.98,0.0942,2.18,53.59,60
2025-11-30,Sunday,1,November,48,112,6176.8,4268.96,1907.84,1301.18,428.31,1729.49,0.28,37.6,645.72,0.1045,1.87,55.15,60
2025-12-01,Monday,2,December,49,71,3905.71,2658.61,1247.1,721.81,244.81,966.62,0.2475,23.7,447.58,0.1146,1.18,55.01,60
2025-12-02,Tuesday,3,December,49,67,3324.54,2381.84,942.7,663.34,196.74,860.08,0.2587,22.5,373.96,0.1125,1.12,49.62,60
2025-12-03,Wednesday,4,December,49,74,4005.62,2811.17,1194.45,812.71,248.45,1061.16,0.2649,27.0,441.32,0.1102,1.23,54.13,60
2025-12-04,Thursday,5,December,49,87,5210.43,3641.46,1568.97,1131.04,313.64,1444.68,0.2773,32.9,550.47,0.1056,1.45,59.89,60
2025-12-05,Friday,6,December,49,104,5807.36,4166.83,1640.53,1182.96,351.57,1534.53,0.2642,32.7,586.03,0.1009,1.73,55.84,60
2025-12-06,Saturday,7,December,49,143,7729.15,5114.78,2614.37,1569.21,527.58,2096.79,0.2713,49.7,853.18,0.1104,2.38,54.05,60
2025-12-07,Sunday,1,December,49,128,7491.84,5308.15,2183.69,1453.37,428.22,1881.59,0.2512,47.3,783.33,0.1046,2.13,58.53,60
2025-12-08,Monday,2,December,50,66,3468.96,2384.75,1084.21,681.32,262.16,943.48,0.272,22.6,404.93,0.1167,1.1,52.56,60
2025-12-09,Tuesday,3,December,50,68,3822.96,2602.96,1220.0,834.77,276.94,1111.71,0.2908,24.8,449.33,0.1175,1.13,56.22,60
2025-12-10,Wednesday,4,December,50,76,3964.16,2762.5,1201.66,759.96,237.93,997.89,0.2517,23.5,397.53,0.1003,1.27,52.16,60
2025-12-11,Thursday,5,December,50,90,4963.5,3400.47,1563.03,946.35,332.93,1279.28,0.2577,28.3,506.75,0.1021,1.5,55.15,60
2025-12-12,Friday,6,December,50,111,6405.81,4475.84,1929.97,1477.03,430.96,1907.99,0.2979,37.6,617.43,0.0964,1.85,57.71,60
2025-12-13,Saturday,7,December,50,137,6678.75,4551.85,2126.9,1231.73,421.55,1653.28,0.2475,50.0,944.57,0.1414,2.28,48.75,60
2025-12-14,Sunday,1,December,50,135,7435.8,5128.46,2307.34,1595.46,495.85,2091.31,0.2812,49.6,866.32,0.1165,2.25,55.08,60
2025-12-15,Monday,2,December,51,71,4164.15,2821.32,1342.83,808.31,298.51,1106.82,0.2658,22.3,387.39,0.093,1.18,58.65,60
2025-12-16,Tuesday,3,December,51,76,4438.4,3133.31,1305.09,949.39,256.84,1206.23,0.2718,23.5,430.65,0.097,1.27,58.4,60
2025-12-17,Wednesday,4,December,51,83,4940.16,3272.84,1667.32,1024.73,371.48,1396.21,0.2826,31.5,513.68,0.104,1.38,59.52,60
2025-12-18,Thursday,5,December,51,81,4829.22,3404.99,1424.23,980.3,356.06,1336.36,0.2767,27.2,463.64,0.096,1.35,59.62,60
2025-12-19,Friday,6,December,51,105,6501.6,4593.63,1907.97,1305.51,455.24,1760.75,0.2708,36.4,620.69,0.0955,1.75,61.92,60
2025-12-20,Saturday,7,December,51,134,7765.3,5419.92,2345.38,1517.58,465.32,1982.9,0.2554,42.4,704.72,0.0908,2.23,57.95,60
2025-12-21,Sunday,1,December,51,134,6959.96,4818.56,2141.4,1394.49,497.23,1891.72,0.2718,43.3,727.53,0.1045,2.23,51.94,60
2025-12-22,Monday,2,December,52,72,4320.72,3107.16,1213.56,965.71,237.49,1203.2,0.2785,27.1,497.48,0.1151,1.2,60.01,60
2025-12-23,Tuesday,3,December,52,91,5472.74,3653.67,1819.07,1176.48,372.91,1549.39,0.2831,32.5,600.78,0.1098,1.52,60.14,60
2025-12-24,Wednesday,4,December,52,71,4164.86,2917.79,1247.07,873.59,280.09,1153.68,0.277,22.8,393.13,0.0944,1.18,58.66,60
2025-12-25,Thursday,5,December,52,78,4704.96,3131.55,1573.41,942.28,325.22,1267.5,0.2694,29.2,499.53,0.1062,1.3,60.32,60
2025-12-26,Friday,6,December,52,105,6436.5,4374.49,2062.01,1181.55,487.46,1669.01,0.2593,37.7,685.87,0.1066,1.75,61.3,60
2025-12-27,Saturday,7,December,52,131,6945.62,4610.5,2335.12,1392.83,474.26,1867.09,0.2688,43.8,728.64,0.1049,2.18,53.02,60
2025-12-28,Sunday,1,December,52,131,6780.56,4812.17,1968.39,1396.97,442.3,1839.27,0.2713,45.2,789.01,0.1164,2.18,51.76,60
2025-12-29,Monday,2,December,1,65,3164.2,2107.28,1056.92,668.01,229.99,898.0,0.2838,20.1,373.32,0.118,1.08,48.68,60
2025-12-30,Tuesday,3,December,1,83,4496.94,2968.16,1528.78,972.07,308.97,1281.04,0.2849,29.5,483.67,0.1076,1.38,54.18,60
2025-12-31,Wednesday,4,December,1,78,4762.68,3221.67,1541.01,996.46,315.91,1312.37,0.2756,25.7,480.88,0.101,1.3,61.06,60
